{"v":"4.8.0","meta":{"g":"LottieFiles AE 1.1.0","a":"","k":"","d":"","tc":""},"fr":60,"ip":0,"op":270,"w":500,"h":500,"nm":"Animation","ddd":0,"assets":[{"id":"comp_0","layers":[{"ddd":0,"ind":1,"ty":4,"nm":"Layer 2 Outlines","sr":1,"ks":{"o":{"a":0,"k":100,"ix":11},"r":{"a":0,"k":0,"ix":10},"p":{"a":0,"k":[36.012,27.023,0],"ix":2},"a":{"a":0,"k":[36.278,27.289,0],"ix":1},"s":{"a":0,"k":[100,100,100],"ix":6}},"ao":0,"shapes":[{"ty":"gr","it":[{"ind":0,"ty":"sh","ix":1,"ks":{"a":0,"k":{"i":[[-0.016,-1.893],[1.316,-1.362],[0,0],[1.914,0],[1.354,1.353],[0,0],[-0.016,1.893],[-1.338,1.339],[-1.893,0.017],[-1.362,-1.315],[0,0],[0,0],[-1.893,-0.017],[-1.338,-1.338]],"o":[[0.016,1.893],[0,0],[-1.354,1.353],[-1.915,0],[0,0],[-1.315,-1.361],[0.016,-1.894],[1.339,-1.339],[1.893,-0.016],[0,0],[0,0],[1.362,-1.315],[1.893,0.016],[1.339,1.339]],"v":[[36.004,-19.873],[33.977,-14.794],[-5.734,24.917],[-10.838,27.031],[-15.943,24.917],[-33.994,6.866],[-36.02,1.788],[-33.906,-3.255],[-28.863,-5.37],[-23.784,-3.343],[-10.838,9.603],[23.768,-25.004],[28.847,-27.03],[33.889,-24.916]],"c":true},"ix":2},"nm":"Path 1","mn":"ADBE Vector Shape - Group","hd":false},{"ty":"fl","c":{"a":0,"k":[0.1692,0.1692,0.7708,1],"ix":4},"o":{"a":0,"k":100,"ix":5},"r":1,"bm":0,"nm":"Fill 1","mn":"ADBE Vector Graphic - Fill","hd":false},{"ty":"tr","p":{"a":0,"k":[36.286,27.297],"ix":2},"a":{"a":0,"k":[0,0],"ix":1},"s":{"a":0,"k":[100,100],"ix":3},"r":{"a":0,"k":0,"ix":6},"o":{"a":0,"k":100,"ix":7},"sk":{"a":0,"k":0,"ix":4},"sa":{"a":0,"k":0,"ix":5},"nm":"Transform"}],"nm":"Group 1","np":4,"cix":2,"bm":0,"ix":1,"mn":"ADBE Vector Group","hd":false}],"ip":0,"op":220,"st":0,"bm":0}]},{"id":"comp_1","layers":[{"ddd":0,"ind":1,"ty":4,"nm":"Layer 1 Outlines","sr":1,"ks":{"o":{"a":0,"k":100,"ix":11},"r":{"a":0,"k":0,"ix":10},"p":{"a":0,"k":[200,340.76,0],"ix":2},"a":{"a":0,"k":[200.25,341.01,0],"ix":1},"s":{"a":0,"k":[100,100,100],"ix":6}},"ao":0,"shapes":[{"ty":"gr","it":[{"ind":0,"ty":"sh","ix":1,"ks":{"a":0,"k":{"i":[[0,0],[1.257,-1.194],[0,0],[0,1.687],[0,0],[-1.777,0],[0,0],[0,-1.687]],"o":[[-1.257,1.194],[0,0],[-1.777,0],[0,0],[0,-1.687],[0,0],[1.776,0],[0,0]],"v":[[188.622,276.094],[185.403,279.152],[-182.943,279.152],[-186.16,276.097],[-186.16,-275.4],[-182.943,-278.455],[185.406,-278.455],[188.622,-275.4]],"c":true},"ix":2},"nm":"Path 1","mn":"ADBE Vector Shape - Group","hd":false},{"ind":1,"ty":"sh","ix":2,"ks":{"a":0,"k":{"i":[[34.034,0],[0,0],[0,-34.421],[0,0],[-34.034,0],[0,0],[0,34.422],[0,0]],"o":[[0,0],[-34.034,0],[0,0],[0,34.422],[0,0],[34.034,0],[0,0],[0,-34.421]],"v":[[138.376,-340.76],[-138.375,-340.76],[-200,-278.435],[-200,278.434],[-138.375,340.76],[138.376,340.76],[200,278.434],[200,-278.435]],"c":true},"ix":2},"nm":"Path 2","mn":"ADBE Vector Shape - Group","hd":false},{"ty":"mm","mm":1,"nm":"Merge Paths 1","mn":"ADBE Vector Filter - Merge","hd":false},{"ty":"fl","c":{"a":0,"k":[0.93,0.93,0.93,1],"ix":4},"o":{"a":0,"k":100,"ix":5},"r":1,"bm":0,"nm":"Fill 1","mn":"ADBE Vector Graphic - Fill","hd":false},{"ty":"tr","p":{"a":0,"k":[200.25,341.01],"ix":2},"a":{"a":0,"k":[0,0],"ix":1},"s":{"a":0,"k":[100,100],"ix":3},"r":{"a":0,"k":0,"ix":6},"o":{"a":0,"k":100,"ix":7},"sk":{"a":0,"k":0,"ix":4},"sa":{"a":0,"k":0,"ix":5},"nm":"Transform"}],"nm":"Group 1","np":6,"cix":2,"bm":0,"ix":1,"mn":"ADBE Vector Group","hd":false}],"ip":0,"op":220,"st":0,"bm":0},{"ddd":0,"ind":2,"ty":4,"nm":"Shape Layer 1","sr":1,"ks":{"o":{"a":0,"k":100,"ix":11},"r":{"a":0,"k":0,"ix":10},"p":{"a":0,"k":[202.021,347.348,0],"ix":2},"a":{"a":0,"k":[0,0,0],"ix":1},"s":{"a":0,"k":[100,100,100],"ix":6}},"ao":0,"shapes":[{"ty":"gr","it":[{"ty":"rc","d":1,"s":{"a":0,"k":[381.488,497.898],"ix":2},"p":{"a":0,"k":[0,0],"ix":3},"r":{"a":0,"k":0,"ix":4},"nm":"Rectangle Path 1","mn":"ADBE Vector Shape - Rect","hd":false},{"ty":"fl","c":{"a":0,"k":[0.26,0.26,0.26,1],"ix":4},"o":{"a":0,"k":100,"ix":5},"r":1,"bm":0,"nm":"Fill 1","mn":"ADBE Vector Graphic - Fill","hd":false},{"ty":"tr","p":{"a":0,"k":[-2.021,-6.348],"ix":2},"a":{"a":0,"k":[0,0],"ix":1},"s":{"a":0,"k":[100,116.579],"ix":3},"r":{"a":0,"k":0,"ix":6},"o":{"a":0,"k":100,"ix":7},"sk":{"a":0,"k":0,"ix":4},"sa":{"a":0,"k":0,"ix":5},"nm":"Transform"}],"nm":"Rectangle 1","np":3,"cix":2,"bm":0,"ix":1,"mn":"ADBE Vector Group","hd":false}],"ip":0,"op":220,"st":0,"bm":0}]},{"id":"comp_2","layers":[{"ddd":0,"ind":1,"ty":4,"nm":"Layer 2 Outlines","sr":1,"ks":{"o":{"a":0,"k":100,"ix":11},"r":{"a":0,"k":0,"ix":10},"p":{"a":0,"k":[105.103,128.71,0],"ix":2},"a":{"a":0,"k":[76.736,3.046,0],"ix":1},"s":{"a":0,"k":[100,100,100],"ix":6}},"ao":0,"shapes":[{"ty":"gr","it":[{"ind":0,"ty":"sh","ix":1,"ks":{"a":0,"k":{"i":[[-1.544,0],[0,0],[0,-1.544],[1.544,0],[0,0],[0,1.544]],"o":[[0,0],[1.544,0],[0,1.544],[0,0],[-1.544,0],[0,-1.544]],"v":[[-73.691,-2.796],[73.692,-2.796],[76.486,0.001],[73.692,2.796],[-73.691,2.796],[-76.487,0.001]],"c":true},"ix":2},"nm":"Path 1","mn":"ADBE Vector Shape - Group","hd":false},{"ty":"fl","c":{"a":0,"k":[0.1137,0.1137,0.902,1],"ix":4},"o":{"a":0,"k":100,"ix":5},"r":1,"bm":0,"nm":"Fill 1","mn":"ADBE Vector Graphic - Fill","hd":false},{"ty":"tr","p":{"a":0,"k":[76.736,3.045],"ix":2},"a":{"a":0,"k":[0,0],"ix":1},"s":{"a":0,"k":[100,100],"ix":3},"r":{"a":0,"k":0,"ix":6},"o":{"a":0,"k":100,"ix":7},"sk":{"a":0,"k":0,"ix":4},"sa":{"a":0,"k":0,"ix":5},"nm":"Transform"}],"nm":"Group 1","np":2,"cix":2,"bm":0,"ix":1,"mn":"ADBE Vector Group","hd":false}],"ip":0,"op":220,"st":0,"bm":0},{"ddd":0,"ind":2,"ty":4,"nm":"Layer 3 Outlines","sr":1,"ks":{"o":{"a":0,"k":100,"ix":11},"r":{"a":0,"k":0,"ix":10},"p":{"a":0,"k":[141.892,109.029,0],"ix":2},"a":{"a":0,"k":[39.947,3.046,0],"ix":1},"s":{"a":0,"k":[100,100,100],"ix":6}},"ao":0,"shapes":[{"ty":"gr","it":[{"ind":0,"ty":"sh","ix":1,"ks":{"a":0,"k":{"i":[[-1.544,0],[0,0],[0,-1.544],[1.544,0],[0,0],[0,1.544]],"o":[[0,0],[1.544,0],[0,1.544],[0,0],[-1.544,0],[0,-1.544]],"v":[[-36.901,-2.796],[36.902,-2.796],[39.697,0.001],[36.902,2.796],[-36.901,2.796],[-39.697,0.001]],"c":true},"ix":2},"nm":"Path 1","mn":"ADBE Vector Shape - Group","hd":false},{"ty":"fl","c":{"a":0,"k":[0.1137,0.1137,0.902,1],"ix":4},"o":{"a":0,"k":100,"ix":5},"r":1,"bm":0,"nm":"Fill 1","mn":"ADBE Vector Graphic - Fill","hd":false},{"ty":"tr","p":{"a":0,"k":[39.947,3.046],"ix":2},"a":{"a":0,"k":[0,0],"ix":1},"s":{"a":0,"k":[100,100],"ix":3},"r":{"a":0,"k":0,"ix":6},"o":{"a":0,"k":100,"ix":7},"sk":{"a":0,"k":0,"ix":4},"sa":{"a":0,"k":0,"ix":5},"nm":"Transform"}],"nm":"Group 1","np":2,"cix":2,"bm":0,"ix":1,"mn":"ADBE Vector Group","hd":false}],"ip":0,"op":220,"st":0,"bm":0},{"ddd":0,"ind":3,"ty":4,"nm":"Layer 4 Outlines","sr":1,"ks":{"o":{"a":0,"k":100,"ix":11},"r":{"a":0,"k":0,"ix":10},"p":{"a":0,"k":[141.892,89.35,0],"ix":2},"a":{"a":0,"k":[39.947,3.046,0],"ix":1},"s":{"a":0,"k":[100,100,100],"ix":6}},"ao":0,"shapes":[{"ty":"gr","it":[{"ind":0,"ty":"sh","ix":1,"ks":{"a":0,"k":{"i":[[-1.544,0],[0,0],[0,-1.544],[1.544,0],[0,0],[0,1.543]],"o":[[0,0],[1.544,0],[0,1.543],[0,0],[-1.544,0],[0,-1.544]],"v":[[-36.901,-2.796],[36.902,-2.796],[39.697,0.001],[36.902,2.796],[-36.901,2.796],[-39.697,0.001]],"c":true},"ix":2},"nm":"Path 1","mn":"ADBE Vector Shape - Group","hd":false},{"ty":"fl","c":{"a":0,"k":[0.1137,0.1137,0.902,1],"ix":4},"o":{"a":0,"k":100,"ix":5},"r":1,"bm":0,"nm":"Fill 1","mn":"ADBE Vector Graphic - Fill","hd":false},{"ty":"tr","p":{"a":0,"k":[39.947,3.045],"ix":2},"a":{"a":0,"k":[0,0],"ix":1},"s":{"a":0,"k":[100,100],"ix":3},"r":{"a":0,"k":0,"ix":6},"o":{"a":0,"k":100,"ix":7},"sk":{"a":0,"k":0,"ix":4},"sa":{"a":0,"k":0,"ix":5},"nm":"Transform"}],"nm":"Group 1","np":2,"cix":2,"bm":0,"ix":1,"mn":"ADBE Vector Group","hd":false}],"ip":0,"op":220,"st":0,"bm":0},{"ddd":0,"ind":4,"ty":4,"nm":"Layer 5 Outlines","sr":1,"ks":{"o":{"a":0,"k":100,"ix":11},"r":{"a":0,"k":0,"ix":10},"p":{"a":0,"k":[141.892,69.671,0],"ix":2},"a":{"a":0,"k":[39.947,3.046,0],"ix":1},"s":{"a":0,"k":[100,100,100],"ix":6}},"ao":0,"shapes":[{"ty":"gr","it":[{"ind":0,"ty":"sh","ix":1,"ks":{"a":0,"k":{"i":[[-1.544,0],[0,0],[0,-1.544],[1.544,0],[0,0],[0,1.543]],"o":[[0,0],[1.544,0],[0,1.543],[0,0],[-1.544,0],[0,-1.544]],"v":[[-36.901,-2.796],[36.902,-2.796],[39.697,0.001],[36.902,2.796],[-36.901,2.796],[-39.697,0.001]],"c":true},"ix":2},"nm":"Path 1","mn":"ADBE Vector Shape - Group","hd":false},{"ty":"fl","c":{"a":0,"k":[0.1137,0.1137,0.902,1],"ix":4},"o":{"a":0,"k":100,"ix":5},"r":1,"bm":0,"nm":"Fill 1","mn":"ADBE Vector Graphic - Fill","hd":false},{"ty":"tr","p":{"a":0,"k":[39.947,3.046],"ix":2},"a":{"a":0,"k":[0,0],"ix":1},"s":{"a":0,"k":[100,100],"ix":3},"r":{"a":0,"k":0,"ix":6},"o":{"a":0,"k":100,"ix":7},"sk":{"a":0,"k":0,"ix":4},"sa":{"a":0,"k":0,"ix":5},"nm":"Transform"}],"nm":"Group 1","np":2,"cix":2,"bm":0,"ix":1,"mn":"ADBE Vector Group","hd":false}],"ip":0,"op":220,"st":0,"bm":0},{"ddd":0,"ind":5,"ty":4,"nm":"Layer 6 Outlines","sr":1,"ks":{"o":{"a":0,"k":100,"ix":11},"r":{"a":0,"k":0,"ix":10},"p":{"a":0,"k":[55.231,99.416,0],"ix":2},"a":{"a":0,"k":[26.889,13.557,0],"ix":1},"s":{"a":0,"k":[100,100,100],"ix":6}},"ao":0,"shapes":[{"ty":"gr","it":[{"ind":0,"ty":"sh","ix":1,"ks":{"a":0,"k":{"i":[[-1.744,-13.011],[1.976,0],[0,0],[-0.262,1.958],[-13.488,0]],"o":[[0.263,1.958],[0,0],[-1.976,0],[1.744,-13.011],[13.488,0]],"v":[[26.376,9.738],[23.029,13.307],[-23.034,13.307],[-26.377,9.738],[0,-13.307]],"c":true},"ix":2},"nm":"Path 1","mn":"ADBE Vector Shape - Group","hd":false},{"ty":"fl","c":{"a":0,"k":[0.1137,0.1137,0.902,1],"ix":4},"o":{"a":0,"k":100,"ix":5},"r":1,"bm":0,"nm":"Fill 1","mn":"ADBE Vector Graphic - Fill","hd":false},{"ty":"tr","p":{"a":0,"k":[26.889,13.557],"ix":2},"a":{"a":0,"k":[0,0],"ix":1},"s":{"a":0,"k":[100,100],"ix":3},"r":{"a":0,"k":0,"ix":6},"o":{"a":0,"k":100,"ix":7},"sk":{"a":0,"k":0,"ix":4},"sa":{"a":0,"k":0,"ix":5},"nm":"Transform"}],"nm":"Group 1","np":2,"cix":2,"bm":0,"ix":1,"mn":"ADBE Vector Group","hd":false}],"ip":0,"op":220,"st":0,"bm":0},{"ddd":0,"ind":6,"ty":4,"nm":"Layer 7 Outlines","sr":1,"ks":{"o":{"a":0,"k":100,"ix":11},"r":{"a":0,"k":0,"ix":10},"p":{"a":0,"k":[55.227,72.469,0],"ix":2},"a":{"a":0,"k":[10.985,10.985,0],"ix":1},"s":{"a":0,"k":[100,100,100],"ix":6}},"ao":0,"shapes":[{"ty":"gr","it":[{"ind":0,"ty":"sh","ix":1,"ks":{"a":0,"k":{"i":[[-5.929,0],[0,-5.929],[5.929,0],[0,5.929]],"o":[[5.929,0],[0,5.929],[-5.929,0],[0,-5.929]],"v":[[0,-10.735],[10.735,0],[0,10.735],[-10.735,0]],"c":true},"ix":2},"nm":"Path 1","mn":"ADBE Vector Shape - Group","hd":false},{"ty":"fl","c":{"a":0,"k":[0.1137,0.1137,0.902,1],"ix":4},"o":{"a":0,"k":100,"ix":5},"r":1,"bm":0,"nm":"Fill 1","mn":"ADBE Vector Graphic - Fill","hd":false},{"ty":"tr","p":{"a":0,"k":[10.985,10.985],"ix":2},"a":{"a":0,"k":[0,0],"ix":1},"s":{"a":0,"k":[100,100],"ix":3},"r":{"a":0,"k":0,"ix":6},"o":{"a":0,"k":100,"ix":7},"sk":{"a":0,"k":0,"ix":4},"sa":{"a":0,"k":0,"ix":5},"nm":"Transform"}],"nm":"Group 1","np":2,"cix":2,"bm":0,"ix":1,"mn":"ADBE Vector Group","hd":false}],"ip":0,"op":220,"st":0,"bm":0},{"ddd":0,"ind":7,"ty":4,"nm":"Layer 8 Outlines","sr":1,"ks":{"o":{"a":0,"k":100,"ix":11},"r":{"a":0,"k":0,"ix":10},"p":{"a":0,"k":[105.111,28.956,0],"ix":2},"a":{"a":0,"k":[19.259,11.097,0],"ix":1},"s":{"a":0,"k":[100,100,100],"ix":6}},"ao":0,"shapes":[{"ty":"gr","it":[{"ind":0,"ty":"sh","ix":1,"ks":{"a":0,"k":{"i":[[-2.805,0],[0,2.801],[2.805,0],[0,-2.801]],"o":[[2.805,0],[0,-2.801],[-2.805,0],[0,2.801]],"v":[[-0.001,5.072],[5.079,0.001],[-0.001,-5.07],[-5.079,0.001]],"c":true},"ix":2},"nm":"Path 1","mn":"ADBE Vector Shape - Group","hd":false},{"ind":1,"ty":"sh","ix":2,"ks":{"a":0,"k":{"i":[[-0.526,3.469],[0,0],[0,0],[0,0],[0,0],[0,0],[-3.621,0]],"o":[[0,0],[0,0],[0,0],[0,0],[0,0],[0.527,3.469],[3.622,0]],"v":[[7.113,1.094],[19.01,1.094],[19.01,10.847],[-19.01,10.847],[-19.01,1.094],[-7.184,1.094],[-0.036,7.222]],"c":true},"ix":2},"nm":"Path 2","mn":"ADBE Vector Shape - Group","hd":false},{"ind":2,"ty":"sh","ix":3,"ks":{"a":0,"k":{"i":[[0,0],[0,0],[0,0],[0,0],[3.622,0],[0.527,-3.469],[0,0]],"o":[[0,0],[0,0],[0,0],[-0.527,-3.469],[-3.621,0],[0,0],[0,0]],"v":[[-19.01,-10.847],[19.01,-10.847],[19.01,-1.09],[7.113,-1.09],[-0.036,-7.217],[-7.183,-1.09],[-19.01,-1.09]],"c":true},"ix":2},"nm":"Path 3","mn":"ADBE Vector Shape - Group","hd":false},{"ty":"mm","mm":1,"nm":"Merge Paths 1","mn":"ADBE Vector Filter - Merge","hd":false},{"ty":"fl","c":{"a":0,"k":[0.1137,0.1137,0.902,1],"ix":4},"o":{"a":0,"k":100,"ix":5},"r":1,"bm":0,"nm":"Fill 1","mn":"ADBE Vector Graphic - Fill","hd":false},{"ty":"tr","p":{"a":0,"k":[19.259,11.097],"ix":2},"a":{"a":0,"k":[0,0],"ix":1},"s":{"a":0,"k":[100,100],"ix":3},"r":{"a":0,"k":0,"ix":6},"o":{"a":0,"k":100,"ix":7},"sk":{"a":0,"k":0,"ix":4},"sa":{"a":0,"k":0,"ix":5},"nm":"Transform"}],"nm":"Group 1","np":5,"cix":2,"bm":0,"ix":1,"mn":"ADBE Vector Group","hd":false}],"ip":0,"op":220,"st":0,"bm":0},{"ddd":0,"ind":8,"ty":4,"nm":"Layer 9 Outlines","sr":1,"ks":{"o":{"a":0,"k":100,"ix":11},"r":{"a":0,"k":0,"ix":10},"p":{"a":0,"k":[105.108,74.921,0],"ix":2},"a":{"a":0,"k":[105.14,75.171,0],"ix":1},"s":{"a":0,"k":[100,100,100],"ix":6}},"ao":0,"shapes":[{"ty":"gr","it":[{"ind":0,"ty":"sh","ix":1,"ks":{"a":0,"k":{"i":[[0,0],[0,-7.905],[0,0],[-7.905,0],[0,0],[0,7.905],[0,0],[7.905,0]],"o":[[-7.905,0],[0,0],[0,7.905],[0,0],[7.905,0],[0,0],[0,-7.905],[0,0]],"v":[[-90.577,-74.921],[-104.889,-60.608],[-104.889,60.608],[-90.577,74.921],[90.576,74.921],[104.889,60.608],[104.889,-60.608],[90.576,-74.921]],"c":true},"ix":2},"nm":"Path 1","mn":"ADBE Vector Shape - Group","hd":false},{"ty":"fl","c":{"a":0,"k":[0.85,0.85,0.85,1],"ix":4},"o":{"a":0,"k":100,"ix":5},"r":1,"bm":0,"nm":"Fill 1","mn":"ADBE Vector Graphic - Fill","hd":false},{"ty":"tr","p":{"a":0,"k":[105.14,75.171],"ix":2},"a":{"a":0,"k":[0,0],"ix":1},"s":{"a":0,"k":[100,100],"ix":3},"r":{"a":0,"k":0,"ix":6},"o":{"a":0,"k":100,"ix":7},"sk":{"a":0,"k":0,"ix":4},"sa":{"a":0,"k":0,"ix":5},"nm":"Transform"}],"nm":"Group 1","np":2,"cix":2,"bm":0,"ix":1,"mn":"ADBE Vector Group","hd":false}],"ip":0,"op":220,"st":0,"bm":0}]},{"id":"comp_3","layers":[{"ddd":0,"ind":1,"ty":4,"nm":"Layer 4 Outlines 2","sr":1,"ks":{"o":{"a":0,"k":100,"ix":11},"r":{"a":0,"k":0,"ix":10},"p":{"a":0,"k":[174.781,174.781,0],"ix":2},"a":{"a":0,"k":[164.281,164.281,0],"ix":1},"s":{"a":1,"k":[{"i":{"x":[0.293,0.293,0.667],"y":[1,1,1]},"o":{"x":[0.707,0.707,0.333],"y":[0,0,0]},"t":0,"s":[100,100,100]},{"i":{"x":[0.293,0.293,0.667],"y":[1,1,1]},"o":{"x":[0.707,0.707,0.333],"y":[0,0,0]},"t":30,"s":[73.825,73.825,100]},{"i":{"x":[0.293,0.293,0.667],"y":[1,1,1]},"o":{"x":[0.707,0.707,0.333],"y":[0,0,0]},"t":60,"s":[100,100,100]},{"i":{"x":[0.293,0.293,0.667],"y":[1,1,1]},"o":{"x":[0.707,0.707,0.333],"y":[0,0,0]},"t":90,"s":[73.825,73.825,100]},{"i":{"x":[0.293,0.293,0.667],"y":[1,1,1]},"o":{"x":[0.707,0.707,0.333],"y":[0,0,0]},"t":120,"s":[100,100,100]},{"i":{"x":[0.293,0.293,0.667],"y":[1,1,1]},"o":{"x":[0.707,0.707,0.333],"y":[0,0,0]},"t":150,"s":[73.825,73.825,100]},{"t":180,"s":[100,100,100]}],"ix":6}},"ao":0,"shapes":[{"ty":"gr","it":[{"ind":0,"ty":"sh","ix":1,"ks":{"a":0,"k":{"i":[[-90.73,0],[0,-90.73],[90.73,0],[0,90.73]],"o":[[90.73,0],[0,90.73],[-90.73,0],[0,-90.73]],"v":[[0,-164.281],[164.281,0],[0,164.281],[-164.281,0]],"c":true},"ix":2},"nm":"Path 1","mn":"ADBE Vector Shape - Group","hd":false},{"ty":"fl","c":{"a":0,"k":[1,1,1,1],"ix":4},"o":{"a":0,"k":10,"ix":5},"r":1,"bm":0,"nm":"Fill 1","mn":"ADBE Vector Graphic - Fill","hd":false},{"ty":"tr","p":{"a":0,"k":[164.281,164.281],"ix":2},"a":{"a":0,"k":[0,0],"ix":1},"s":{"a":0,"k":[100,100],"ix":3},"r":{"a":0,"k":0,"ix":6},"o":{"a":0,"k":100,"ix":7},"sk":{"a":0,"k":0,"ix":4},"sa":{"a":0,"k":0,"ix":5},"nm":"Transform"}],"nm":"Group 1","np":4,"cix":2,"bm":0,"ix":1,"mn":"ADBE Vector Group","hd":false}],"ip":0,"op":180,"st":0,"bm":0},{"ddd":0,"ind":2,"ty":4,"nm":"Layer 4 Outlines","sr":1,"ks":{"o":{"a":0,"k":100,"ix":11},"r":{"a":0,"k":0,"ix":10},"p":{"a":0,"k":[174.781,174.781,0],"ix":2},"a":{"a":0,"k":[164.281,164.281,0],"ix":1},"s":{"a":1,"k":[{"i":{"x":[0.293,0.293,0.667],"y":[1,1,1]},"o":{"x":[0.707,0.707,0.333],"y":[0,0,0]},"t":0,"s":[89.043,89.043,100]},{"i":{"x":[0.293,0.293,0.667],"y":[1,1,1]},"o":{"x":[0.707,0.707,0.333],"y":[0,0,0]},"t":30,"s":[22.693,22.693,100]},{"i":{"x":[0.293,0.293,0.667],"y":[1,1,1]},"o":{"x":[0.707,0.707,0.333],"y":[0,0,0]},"t":60,"s":[89,89,100]},{"i":{"x":[0.293,0.293,0.667],"y":[1,1,1]},"o":{"x":[0.707,0.707,0.333],"y":[0,0,0]},"t":90,"s":[22.693,22.693,100]},{"i":{"x":[0.293,0.293,0.667],"y":[1,1,1]},"o":{"x":[0.707,0.707,0.333],"y":[0,0,0]},"t":120,"s":[89,89,100]},{"i":{"x":[0.317,0.317,0.667],"y":[0.966,0.966,-3.563]},"o":{"x":[0.719,0.719,0.333],"y":[0,0,0]},"t":150,"s":[22.693,22.693,100]},{"i":{"x":[0.658,0.658,0.667],"y":[1,1,1]},"o":{"x":[0.325,0.325,0.333],"y":[0.003,0.003,0.157]},"t":179,"s":[73.957,73.957,100]},{"t":180,"s":[83,83,100]}],"ix":6}},"ao":0,"shapes":[{"ty":"gr","it":[{"ind":0,"ty":"sh","ix":1,"ks":{"a":0,"k":{"i":[[-90.73,0],[0,-90.73],[90.73,0],[0,90.73]],"o":[[90.73,0],[0,90.73],[-90.73,0],[0,-90.73]],"v":[[0,-164.281],[164.281,0],[0,164.281],[-164.281,0]],"c":true},"ix":2},"nm":"Path 1","mn":"ADBE Vector Shape - Group","hd":false},{"ty":"fl","c":{"a":0,"k":[1,1,1,1],"ix":4},"o":{"a":0,"k":10,"ix":5},"r":1,"bm":0,"nm":"Fill 1","mn":"ADBE Vector Graphic - Fill","hd":false},{"ty":"tr","p":{"a":0,"k":[164.281,164.281],"ix":2},"a":{"a":0,"k":[0,0],"ix":1},"s":{"a":0,"k":[100,100],"ix":3},"r":{"a":0,"k":0,"ix":6},"o":{"a":0,"k":100,"ix":7},"sk":{"a":0,"k":0,"ix":4},"sa":{"a":0,"k":0,"ix":5},"nm":"Transform"}],"nm":"Group 1","np":4,"cix":2,"bm":0,"ix":1,"mn":"ADBE Vector Group","hd":false}],"ip":0,"op":180,"st":0,"bm":0},{"ddd":0,"ind":3,"ty":0,"nm":"NFC active","refId":"comp_4","sr":2.55,"ks":{"o":{"a":0,"k":100,"ix":11},"r":{"a":1,"k":[{"i":{"x":[0.667],"y":[1]},"o":{"x":[0.333],"y":[0]},"t":180,"s":[0]},{"i":{"x":[0.667],"y":[1]},"o":{"x":[0.333],"y":[0]},"t":200,"s":[-15]},{"i":{"x":[0.667],"y":[1]},"o":{"x":[0.333],"y":[0]},"t":220,"s":[0]},{"i":{"x":[0.667],"y":[1]},"o":{"x":[0.333],"y":[0]},"t":240,"s":[-15]},{"i":{"x":[0.667],"y":[1]},"o":{"x":[0.333],"y":[0]},"t":260,"s":[0]},{"t":280,"s":[-15]}],"ix":10},"p":{"a":0,"k":[175,175,0],"ix":2},"a":{"a":0,"k":[159,159,0],"ix":1},"s":{"a":0,"k":[110.063,110.063,100],"ix":6}},"ao":0,"w":318,"h":318,"ip":180,"op":282,"st":-279,"bm":0},{"ddd":0,"ind":4,"ty":0,"nm":"NFC active","refId":"comp_4","sr":2.55,"ks":{"o":{"a":0,"k":100,"ix":11},"r":{"a":1,"k":[{"i":{"x":[0.667],"y":[1]},"o":{"x":[0.333],"y":[0]},"t":180,"s":[0]},{"i":{"x":[0.667],"y":[1]},"o":{"x":[0.333],"y":[0]},"t":200,"s":[15]},{"i":{"x":[0.667],"y":[1]},"o":{"x":[0.333],"y":[0]},"t":220,"s":[0]},{"i":{"x":[0.667],"y":[1]},"o":{"x":[0.333],"y":[0]},"t":240,"s":[15]},{"i":{"x":[0.667],"y":[1]},"o":{"x":[0.333],"y":[0]},"t":260,"s":[0]},{"t":280,"s":[15]}],"ix":10},"p":{"a":0,"k":[175,175,0],"ix":2},"a":{"a":0,"k":[159,159,0],"ix":1},"s":{"a":0,"k":[83.648,83.648,100],"ix":6}},"ao":0,"w":318,"h":318,"ip":180,"op":282,"st":-279,"bm":0}]},{"id":"comp_4","layers":[{"ddd":0,"ind":1,"ty":4,"nm":"Layer 2 Outlines","sr":1,"ks":{"o":{"a":0,"k":100,"ix":11},"r":{"a":0,"k":0,"ix":10},"p":{"a":0,"k":[159,159,0],"ix":2},"a":{"a":0,"k":[156.584,159,0],"ix":1},"s":{"a":0,"k":[100,100,100],"ix":6}},"ao":0,"shapes":[{"ty":"gr","it":[{"ind":0,"ty":"sh","ix":1,"ks":{"a":0,"k":{"i":[[0,0],[0,0],[0,0],[0,0],[0,0],[0,0],[0,0],[0,0],[0,0],[0,0],[0,0],[0,0],[0,0],[0,0],[0,0],[0,0],[0,0],[0,0],[0,0],[0,0],[0,0],[0,0],[0,0],[0,0],[0,0],[0,0],[0,0],[0,0],[0,0],[0,0],[0,0],[0,0],[0,0],[0,0],[0,0],[0,0]],"o":[[0,0],[0,0],[0,0],[0,0],[0,0],[0,0],[0,0],[0,0],[0,0],[0,0],[0,0],[0,0],[0,0],[0,0],[0,0],[0,0],[0,0],[0,0],[0,0],[0,0],[0,0],[0,0],[0,0],[0,0],[0,0],[0,0],[0,0],[0,0],[0,0],[0,0],[0,0],[0,0],[0,0],[0,0],[0,0],[0,0]],"v":[[0,-159],[25.18,-142.805],[54.381,-149.411],[72.504,-125.581],[102.203,-121.801],[111.083,-93.209],[137.698,-79.5],[136.263,-49.596],[156.584,-27.61],[145.008,0],[156.584,27.61],[136.263,49.596],[137.698,79.5],[111.083,93.209],[102.203,121.801],[72.504,125.581],[54.381,149.411],[25.18,142.805],[0,159],[-25.18,142.805],[-54.381,149.411],[-72.504,125.581],[-102.203,121.801],[-111.083,93.209],[-137.698,79.5],[-136.263,49.596],[-156.584,27.61],[-145.008,0],[-156.584,-27.61],[-136.263,-49.596],[-137.698,-79.5],[-111.083,-93.209],[-102.203,-121.801],[-72.504,-125.581],[-54.381,-149.411],[-25.18,-142.805]],"c":true},"ix":2},"nm":"Path 1","mn":"ADBE Vector Shape - Group","hd":false},{"ty":"mm","mm":4,"nm":"Merge Paths 1","mn":"ADBE Vector Filter - Merge","hd":false},{"ty":"fl","c":{"a":0,"k":[1,1,1,1],"ix":4},"o":{"a":0,"k":10,"ix":5},"r":1,"bm":0,"nm":"Fill 1","mn":"ADBE Vector Graphic - Fill","hd":false},{"ty":"tr","p":{"a":0,"k":[156.584,159],"ix":2},"a":{"a":0,"k":[0,0],"ix":1},"s":{"a":0,"k":[100,100],"ix":3},"r":{"a":0,"k":0,"ix":6},"o":{"a":0,"k":100,"ix":7},"sk":{"a":0,"k":0,"ix":4},"sa":{"a":0,"k":0,"ix":5},"nm":"Transform"}],"nm":"Group 1","np":3,"cix":2,"bm":0,"ix":1,"mn":"ADBE Vector Group","hd":false}],"ip":0,"op":220,"st":0,"bm":0}]}],"layers":[{"ddd":0,"ind":1,"ty":0,"nm":"Tick","refId":"comp_0","sr":2.5,"ks":{"o":{"a":0,"k":100,"ix":11},"r":{"a":0,"k":0,"ix":10},"p":{"a":0,"k":[250,250,0],"ix":2},"a":{"a":0,"k":[36.5,27.5,0],"ix":1},"s":{"a":0,"k":[114.545,114.545,100],"ix":6}},"ao":0,"w":73,"h":55,"ip":250,"op":338.5,"st":-211.5,"bm":0},{"ddd":0,"ind":2,"ty":0,"nm":"phone-frame-legacy","refId":"comp_1","sr":2.5,"ks":{"o":{"a":0,"k":100,"ix":11},"r":{"a":1,"k":[{"i":{"x":[0.399],"y":[1]},"o":{"x":[0.559],"y":[0]},"t":100,"s":[11.434]},{"t":125,"s":[0]}],"ix":10},"p":{"a":1,"k":[{"i":{"x":0.399,"y":1},"o":{"x":0.559,"y":0},"t":100,"s":[343,318,0],"to":[-15.5,3.833,0],"ti":[15.5,-3.833,0]},{"i":{"x":0.157,"y":0.157},"o":{"x":0.785,"y":0.785},"t":125,"s":[250,341,0],"to":[0,0,0],"ti":[0,0,0]},{"i":{"x":0.412,"y":1},"o":{"x":0.601,"y":0},"t":137.5,"s":[250,341,0],"to":[0,-15.167,0],"ti":[0,15.167,0]},{"t":163,"s":[250,250,0]}],"ix":2},"a":{"a":0,"k":[200,341,0],"ix":1},"s":{"a":1,"k":[{"i":{"x":[0.399,0.399,0.667],"y":[1,1,1]},"o":{"x":[0.559,0.559,0.333],"y":[0,0,0]},"t":100,"s":[44.349,44.349,100]},{"i":{"x":[0.157,0.157,0.667],"y":[1,1,1]},"o":{"x":[0.785,0.785,0.333],"y":[0,0,0]},"t":125,"s":[42.349,42.349,100]},{"i":{"x":[0.412,0.412,0.667],"y":[1,1,1]},"o":{"x":[0.601,0.601,0.333],"y":[0,0,0]},"t":137.5,"s":[42.349,42.349,100]},{"t":163,"s":[38.417,38.417,100]}],"ix":6}},"ao":0,"w":400,"h":682,"ip":0,"op":550,"st":0,"bm":0},{"ddd":0,"ind":3,"ty":0,"nm":"ID front","refId":"comp_2","sr":2.5,"ks":{"o":{"a":0,"k":100,"ix":11},"r":{"a":1,"k":[{"i":{"x":[0.331],"y":[1]},"o":{"x":[0.674],"y":[0]},"t":37.5,"s":[-7.946]},{"t":75,"s":[0]}],"ix":10},"p":{"a":1,"k":[{"i":{"x":0.331,"y":1},"o":{"x":0.674,"y":0},"t":37.5,"s":[187,214,0],"to":[10.5,5,0],"ti":[-10.5,-5,0]},{"t":75,"s":[250,244,0]}],"ix":2},"a":{"a":0,"k":[105,75,0],"ix":1},"s":{"a":1,"k":[{"i":{"x":[0.331,0.331,0.667],"y":[1,1,1]},"o":{"x":[0.674,0.674,0.333],"y":[0,0,0]},"t":37.5,"s":[137.106,137.106,100]},{"t":75,"s":[100.916,100.916,100]}],"ix":6}},"ao":0,"w":210,"h":150,"ip":0,"op":550,"st":0,"bm":0},{"ddd":0,"ind":4,"ty":0,"nm":"NFC passive","parent":2,"refId":"comp_3","sr":1,"ks":{"o":{"a":1,"k":[{"i":{"x":[0.833],"y":[0.833]},"o":{"x":[0.167],"y":[0.167]},"t":0,"s":[0]},{"t":8,"s":[100]}],"ix":11},"r":{"a":0,"k":-11.434,"ix":10},"p":{"a":0,"k":[200.6,343.235,0],"ix":2},"a":{"a":0,"k":[175,175,0],"ix":1},"s":{"a":0,"k":[292.484,292.484,100],"ix":6}},"ao":0,"w":350,"h":350,"ip":0,"op":250,"st":0,"bm":0}],"markers":[]}