{"v":"5.7.4","fr":60,"ip":0,"op":900,"w":2908,"h":934,"nm":"Screenshot 2021-05-03 at 17.23.42","ddd":0,"assets":[],"layers":[{"ddd":0,"ind":1,"ty":4,"nm":"Shape Layer 3","sr":1,"ks":{"o":{"a":0,"k":100,"ix":11},"r":{"a":0,"k":0,"ix":10},"p":{"a":0,"k":[1454,627,0],"ix":2,"l":2},"a":{"a":0,"k":[0,0,0],"ix":1,"l":2},"s":{"a":0,"k":[100,100,100],"ix":6,"l":2}},"ao":0,"shapes":[{"ty":"gr","it":[{"ind":0,"ty":"sh","ix":1,"ks":{"a":1,"k":[{"i":{"x":0.5,"y":1},"o":{"x":0.54,"y":0},"t":0,"s":[{"i":[[0,0],[-2160,320],[-456,-40]],"o":[[0,0],[2159.999,-320],[456,40]],"v":[[-2518,-243],[1026.001,125],[3986,141]],"c":false}]},{"i":{"x":0.499,"y":1},"o":{"x":0.541,"y":0},"t":451,"s":[{"i":[[0,0],[-1391.999,-368],[-456,-40]],"o":[[0,0],[1391.999,368],[456,40]],"v":[[-2518,-243],[1026.001,125],[3986,141]],"c":false}]},{"t":900,"s":[{"i":[[0,0],[-2160,320],[-456,-40]],"o":[[0,0],[2159.999,-320],[456,40]],"v":[[-2518,-243],[1026.001,125],[3986,141]],"c":false}]}],"ix":2},"nm":"Path 1","mn":"ADBE Vector Shape - Group","hd":false},{"ty":"st","c":{"a":0,"k":[0.3882,0.3882,0.9529,1],"ix":3},"o":{"a":0,"k":100,"ix":4},"w":{"a":0,"k":12,"ix":5},"lc":1,"lj":1,"ml":4,"bm":0,"nm":"Stroke 1","mn":"ADBE Vector Graphic - Stroke","hd":false},{"ty":"tr","p":{"a":0,"k":[0,0],"ix":2},"a":{"a":0,"k":[0,0],"ix":1},"s":{"a":0,"k":[100,100],"ix":3},"r":{"a":0,"k":0,"ix":6},"o":{"a":0,"k":100,"ix":7},"sk":{"a":0,"k":0,"ix":4},"sa":{"a":0,"k":0,"ix":5},"nm":"Transform"}],"nm":"Shape 1","np":3,"cix":2,"bm":0,"ix":1,"mn":"ADBE Vector Group","hd":false}],"ip":0,"op":900,"st":0,"bm":0},{"ddd":0,"ind":2,"ty":4,"nm":"Shape Layer 2","sr":1,"ks":{"o":{"a":0,"k":100,"ix":11},"r":{"a":0,"k":0,"ix":10},"p":{"a":0,"k":[1494,211,0],"ix":2,"l":2},"a":{"a":0,"k":[0,0,0],"ix":1,"l":2},"s":{"a":0,"k":[100,100,100],"ix":6,"l":2}},"ao":0,"shapes":[{"ty":"gr","it":[{"ind":0,"ty":"sh","ix":1,"ks":{"a":1,"k":[{"i":{"x":0.491,"y":1},"o":{"x":0.511,"y":0},"t":0,"s":[{"i":[[0,0],[-472,-128],[-704,792]],"o":[[0,0],[472,128],[704,-792]],"v":[[-1822,125],[-862,205],[1762,-323]],"c":false}]},{"i":{"x":0.49,"y":1},"o":{"x":0.511,"y":0},"t":451,"s":[{"i":[[0,0],[-590.512,123.872],[-1240.001,52]],"o":[[0,0],[1392,-292],[1058.728,-44.398]],"v":[[-2054,465],[-834,449],[1762.001,-323]],"c":false}]},{"t":900,"s":[{"i":[[0,0],[-472,-128],[-704,792]],"o":[[0,0],[472,128],[704,-792]],"v":[[-1822,125],[-862,205],[1762,-323]],"c":false}]}],"ix":2},"nm":"Path 1","mn":"ADBE Vector Shape - Group","hd":false},{"ty":"st","c":{"a":0,"k":[0.3882,0.3882,0.9529,1],"ix":3},"o":{"a":0,"k":100,"ix":4},"w":{"a":0,"k":12,"ix":5},"lc":1,"lj":1,"ml":4,"bm":0,"nm":"Stroke 1","mn":"ADBE Vector Graphic - Stroke","hd":false},{"ty":"tr","p":{"a":0,"k":[0,0],"ix":2},"a":{"a":0,"k":[0,0],"ix":1},"s":{"a":0,"k":[100,100],"ix":3},"r":{"a":0,"k":0,"ix":6},"o":{"a":0,"k":100,"ix":7},"sk":{"a":0,"k":0,"ix":4},"sa":{"a":0,"k":0,"ix":5},"nm":"Transform"}],"nm":"Shape 1","np":3,"cix":2,"bm":0,"ix":1,"mn":"ADBE Vector Group","hd":false}],"ip":0,"op":900,"st":0,"bm":0},{"ddd":0,"ind":3,"ty":4,"nm":"Shape Layer 1","sr":1,"ks":{"o":{"a":0,"k":100,"ix":11},"r":{"a":0,"k":0,"ix":10},"p":{"a":0,"k":[1866,479,0],"ix":2,"l":2},"a":{"a":0,"k":[0,0,0],"ix":1,"l":2},"s":{"a":0,"k":[100,100,100],"ix":6,"l":2}},"ao":0,"shapes":[{"ty":"gr","it":[{"ind":0,"ty":"sh","ix":1,"ks":{"a":1,"k":[{"i":{"x":0.5,"y":1},"o":{"x":0.505,"y":0},"t":0,"s":[{"i":[[0,0],[-384.001,-284],[-370.265,158.067],[-552,-40]],"o":[[0,0],[383.999,284],[684,-292],[682.782,49.477]],"v":[[-1886,-259],[-773.999,-15],[558.001,-263],[2494.001,-567]],"c":false}]},{"i":{"x":0.499,"y":1},"o":{"x":0.506,"y":0},"t":451,"s":[{"i":[[0,0],[-384,-284],[-370.266,158.067],[-552,-40]],"o":[[0,0],[383.999,284],[684,-292],[682.782,49.477]],"v":[[-2614,-63],[-902,-19],[1142.002,-207],[2494.001,-567]],"c":false}]},{"t":900,"s":[{"i":[[0,0],[-384.001,-284],[-370.265,158.067],[-552,-40]],"o":[[0,0],[383.999,284],[684,-292],[682.782,49.477]],"v":[[-1886,-259],[-773.999,-15],[558.001,-263],[2494.001,-567]],"c":false}]}],"ix":2},"nm":"Path 1","mn":"ADBE Vector Shape - Group","hd":false},{"ty":"st","c":{"a":0,"k":[0.3882,0.3882,0.9529,1],"ix":3},"o":{"a":0,"k":100,"ix":4},"w":{"a":0,"k":12,"ix":5},"lc":1,"lj":1,"ml":4,"bm":0,"nm":"Stroke 1","mn":"ADBE Vector Graphic - Stroke","hd":false},{"ty":"tr","p":{"a":0,"k":[0,0],"ix":2},"a":{"a":0,"k":[0,0],"ix":1},"s":{"a":0,"k":[100,100],"ix":3},"r":{"a":0,"k":0,"ix":6},"o":{"a":0,"k":100,"ix":7},"sk":{"a":0,"k":0,"ix":4},"sa":{"a":0,"k":0,"ix":5},"nm":"Transform"}],"nm":"Shape 1","np":3,"cix":2,"bm":0,"ix":1,"mn":"ADBE Vector Group","hd":false}],"ip":0,"op":900,"st":0,"bm":0}],"markers":[]}